[{
	"model": "cochlear.user_attrib",
	"fields": {
		"status": 2,
		"last_name": "Pacholec",
		"username": "admin",
		"first_name": "Justin",
		"email": "pachol1@stolaf.edu"
	},
	"pk": 1
}, {
	"model": "cochlear.user_attrib",
	"fields": {
		"status": 1,
		"last_name": "Smith",
		"username": "manager",
		"first_name": "John",
		"email": "jo@stolaf.edu"
	},
	"pk": 2
}, {
	"model": "cochlear.user_attrib",
	"fields": {
		"status": 0,
		"last_name": "Smith",
		"username": "guest",
		"first_name": "Thomas",
		"email": "Smith@stolaf.edu"
	},
	"pk": 3
}, {
	"model": "cochlear.session",
	"fields": {
		"week": 1,
		"day": 1
	},
	"pk": 1
}, {
	"model": "cochlear.session",
	"fields": {
		"week": 1,
		"day": 2
	},
	"pk": 4
}, {
	"model": "cochlear.session",
	"fields": {
		"week": 1,
		"day": 3
	},
	"pk": 5
}, {
	"model": "cochlear.session",
	"fields": {
		"week": 1,
		"day": 4
	},
	"pk": 6
}, {
	"model": "cochlear.closed_set_train_order",
	"fields": {
		"session": 1,
		"order": 1,
		"closed_set_train": 3
	},
	"pk": 1
}, {
	"model": "cochlear.closed_set_train_order",
	"fields": {
		"session": 5,
		"order": 1,
		"closed_set_train": 5
	},
	"pk": 3
}, {
	"model": "cochlear.closed_set_train_order",
	"fields": {
		"session": 5,
		"order": 2,
		"closed_set_train": 4
	},
	"pk": 4
}, {
	"model": "cochlear.closed_set_train_order",
	"fields": {
		"session": 6,
		"order": 1,
		"closed_set_train": 4
	},
	"pk": 5
}, {
	"model": "cochlear.open_set_train_order",
	"fields": {
		"session": 4,
		"open_set_train": 3,
		"order": 1
	},
	"pk": 7
}, {
	"model": "cochlear.open_set_train_order",
	"fields": {
		"session": 1,
		"open_set_train": 3,
		"order": 2
	},
	"pk": 8
}, {
	"model": "cochlear.open_set_train_order",
	"fields": {
		"session": 5,
		"open_set_train": 4,
		"order": 3
	},
	"pk": 10
}, {
	"model": "cochlear.open_set_train_order",
	"fields": {
		"session": 5,
		"open_set_train": 5,
		"order": 4
	},
	"pk": 11
}, {
	"model": "cochlear.open_set_train_order",
	"fields": {
		"session": 6,
		"open_set_train": 3,
		"order": 2
	},
	"pk": 12
}, {
	"model": "cochlear.open_set_train_order",
	"fields": {
		"session": 6,
		"open_set_train": 5,
		"order": 3
	},
	"pk": 13
}, {
	"model": "cochlear.speaker",
	"fields": {
		"difficulty": 0,
		"name": "mi0"
	},
	"pk": 1
}, {
	"model": "cochlear.speaker",
	"fields": {
		"difficulty": 0,
		"name": "mi1"
	},
	"pk": 2
}, {
	"model": "cochlear.speaker",
	"fields": {
		"difficulty": 0,
		"name": "mi3"
	},
	"pk": 3
}, {
	"model": "cochlear.speaker",
	"fields": {
		"difficulty": 0,
		"name": "mi6"
	},
	"pk": 4
}, {
	"model": "cochlear.speaker",
	"fields": {
		"difficulty": 0,
		"name": "F23"
	},
	"pk": 5
}, {
	"model": "cochlear.speaker",
	"fields": {
		"difficulty": 0,
		"name": "F24"
	},
	"pk": 6
}, {
	"model": "cochlear.speaker",
	"fields": {
		"difficulty": 0,
		"name": "M22"
	},
	"pk": 7
}, {
	"model": "cochlear.speaker",
	"fields": {
		"difficulty": 0,
		"name": "M23"
	},
	"pk": 8
}, {
	"model": "cochlear.speech",
	"fields": {
		"speaker": 1,
		"speech_file": "cochlear/speech/mi0D0_bwQRVoM.wav",
		"uploaded_date": "2016-05-08T03:13:34.760Z",
		"difficulty": 0
	},
	"pk": 1
}, {
	"model": "cochlear.speech",
	"fields": {
		"speaker": 1,
		"speech_file": "cochlear/speech/mi0D1_UvWtVsl.wav",
		"uploaded_date": "2016-05-08T03:13:47.958Z",
		"difficulty": 0
	},
	"pk": 2
}, {
	"model": "cochlear.speech",
	"fields": {
		"speaker": 2,
		"speech_file": "cochlear/speech/mi1D0_s2VCtVN.wav",
		"uploaded_date": "2016-05-08T03:13:57.409Z",
		"difficulty": 0
	},
	"pk": 3
}, {
	"model": "cochlear.speech",
	"fields": {
		"speaker": 3,
		"speech_file": "cochlear/speech/mi3D0_8KOiSu1.wav",
		"uploaded_date": "2016-05-08T03:14:16.199Z",
		"difficulty": 0
	},
	"pk": 4
}, {
	"model": "cochlear.speech",
	"fields": {
		"speaker": 4,
		"speech_file": "cochlear/speech/mi6D0_KjkO5g6.wav",
		"uploaded_date": "2016-05-08T03:14:37.030Z",
		"difficulty": 0
	},
	"pk": 5
}, {
	"model": "cochlear.speech",
	"fields": {
		"speaker": 5,
		"speech_file": "cochlear/speech/F23H006.WAV",
		"uploaded_date": "2016-05-18T06:01:13.667Z",
		"difficulty": 0
	},
	"pk": 6
}, {
	"model": "cochlear.speech",
	"fields": {
		"speaker": 5,
		"speech_file": "cochlear/speech/F23H007.WAV",
		"uploaded_date": "2016-05-18T06:01:35.354Z",
		"difficulty": 0
	},
	"pk": 7
}, {
	"model": "cochlear.speech",
	"fields": {
		"speaker": 6,
		"speech_file": "cochlear/speech/F24H001.WAV",
		"uploaded_date": "2016-05-18T06:01:56.455Z",
		"difficulty": 0
	},
	"pk": 8
}, {
	"model": "cochlear.speech",
	"fields": {
		"speaker": 2,
		"speech_file": "cochlear/speech/mi1D3.wav",
		"uploaded_date": "2016-05-18T06:04:27.683Z",
		"difficulty": 0
	},
	"pk": 9
}, {
	"model": "cochlear.speech",
	"fields": {
		"speaker": 2,
		"speech_file": "cochlear/speech/mi1D4.wav",
		"uploaded_date": "2016-05-18T06:04:50.987Z",
		"difficulty": 0
	},
	"pk": 10
}, {
	"model": "cochlear.speech",
	"fields": {
		"speaker": 1,
		"speech_file": "cochlear/speech/mi0D3.wav",
		"uploaded_date": "2016-05-18T06:05:28.161Z",
		"difficulty": 0
	},
	"pk": 11
}, {
	"model": "cochlear.speech",
	"fields": {
		"speaker": 3,
		"speech_file": "cochlear/speech/mi3D3.wav",
		"uploaded_date": "2016-05-18T06:06:26.579Z",
		"difficulty": 0
	},
	"pk": 12
}, {
	"model": "cochlear.speech",
	"fields": {
		"speaker": 4,
		"speech_file": "cochlear/speech/mi6D3.wav",
		"uploaded_date": "2016-05-18T06:06:43.144Z",
		"difficulty": 0
	},
	"pk": 13
}, {
	"model": "cochlear.speech",
	"fields": {
		"speaker": 3,
		"speech_file": "cochlear/speech/mi3D5.wav",
		"uploaded_date": "2016-05-18T06:07:14.237Z",
		"difficulty": 0
	},
	"pk": 14
}, {
	"model": "cochlear.speech",
	"fields": {
		"speaker": 3,
		"speech_file": "cochlear/speech/mi3D6.wav",
		"uploaded_date": "2016-05-18T06:07:50.951Z",
		"difficulty": 0
	},
	"pk": 15
}, {
	"model": "cochlear.speech",
	"fields": {
		"speaker": 1,
		"speech_file": "cochlear/speech/mi0D5.wav",
		"uploaded_date": "2016-05-18T06:08:14.708Z",
		"difficulty": 0
	},
	"pk": 16
}, {
	"model": "cochlear.speech",
	"fields": {
		"speaker": 2,
		"speech_file": "cochlear/speech/mi1D5.wav",
		"uploaded_date": "2016-05-18T06:11:07.280Z",
		"difficulty": 0
	},
	"pk": 17
}, {
	"model": "cochlear.speech",
	"fields": {
		"speaker": 4,
		"speech_file": "cochlear/speech/mi6D5.wav",
		"uploaded_date": "2016-05-18T06:11:21.500Z",
		"difficulty": 0
	},
	"pk": 18
}, {
	"model": "cochlear.speech",
	"fields": {
		"speaker": 6,
		"speech_file": "cochlear/speech/F24H002.WAV",
		"uploaded_date": "2016-05-18T07:26:21.053Z",
		"difficulty": 0
	},
	"pk": 19
}, {
	"model": "cochlear.speech",
	"fields": {
		"speaker": 6,
		"speech_file": "cochlear/speech/F24H003.WAV",
		"uploaded_date": "2016-05-18T07:26:34.162Z",
		"difficulty": 0
	},
	"pk": 20
}, {
	"model": "cochlear.closed_set_question_answer",
	"fields": {
		"iscorrect": true,
		"answer": 1,
		"question": 3
	},
	"pk": 7
}, {
	"model": "cochlear.closed_set_question_answer",
	"fields": {
		"iscorrect": false,
		"answer": 3,
		"question": 3
	},
	"pk": 8
}, {
	"model": "cochlear.closed_set_question_answer",
	"fields": {
		"iscorrect": false,
		"answer": 4,
		"question": 3
	},
	"pk": 9
}, {
	"model": "cochlear.closed_set_question_answer",
	"fields": {
		"iscorrect": false,
		"answer": 5,
		"question": 3
	},
	"pk": 10
}, {
	"model": "cochlear.closed_set_question_answer",
	"fields": {
		"iscorrect": false,
		"answer": 9,
		"question": 4
	},
	"pk": 11
}, {
	"model": "cochlear.closed_set_question_answer",
	"fields": {
		"iscorrect": false,
		"answer": 11,
		"question": 4
	},
	"pk": 12
}, {
	"model": "cochlear.closed_set_question_answer",
	"fields": {
		"iscorrect": false,
		"answer": 12,
		"question": 4
	},
	"pk": 13
}, {
	"model": "cochlear.closed_set_question_answer",
	"fields": {
		"iscorrect": false,
		"answer": 13,
		"question": 4
	},
	"pk": 14
}, {
	"model": "cochlear.closed_set_question_answer",
	"fields": {
		"iscorrect": true,
		"answer": 14,
		"question": 5
	},
	"pk": 15
}, {
	"model": "cochlear.closed_set_question_answer",
	"fields": {
		"iscorrect": false,
		"answer": 16,
		"question": 5
	},
	"pk": 16
}, {
	"model": "cochlear.closed_set_question_answer",
	"fields": {
		"iscorrect": false,
		"answer": 17,
		"question": 5
	},
	"pk": 17
}, {
	"model": "cochlear.closed_set_question_answer",
	"fields": {
		"iscorrect": false,
		"answer": 18,
		"question": 5
	},
	"pk": 18
}, {
	"model": "cochlear.closed_set_train",
	"fields": {
		"test_sound": 2
	},
	"pk": 3
}, {
	"model": "cochlear.closed_set_train",
	"fields": {
		"test_sound": 10
	},
	"pk": 4
}, {
	"model": "cochlear.closed_set_train",
	"fields": {
		"test_sound": 15
	},
	"pk": 5
}, {
	"model": "cochlear.open_set_train",
	"fields": {
		"answer": "the juice of lemons makes fine punch",
		"type_train": 0,
		"test_sound": 6
	},
	"pk": 1
}, {
	"model": "cochlear.open_set_train",
	"fields": {
		"answer": "the box was thrown beside the parked truck",
		"type_train": 0,
		"test_sound": 7
	},
	"pk": 2
}, {
	"model": "cochlear.open_set_train",
	"fields": {
		"answer": "the birch canoe slid on the smooth planks",
		"type_train": 0,
		"test_sound": 8
	},
	"pk": 3
}, {
	"model": "cochlear.open_set_train",
	"fields": {
		"answer": "glue the sheet to the dark blue background",
		"type_train": 0,
		"test_sound": 19
	},
	"pk": 4
}, {
	"model": "cochlear.open_set_train",
	"fields": {
		"answer": "its easy to tell the depth of a well",
		"type_train": 0,
		"test_sound": 20
	},
	"pk": 5
}]